热门查询,点击次数,展示,点击率,排名
naturehike snowbird sp700,1,11,9.09%,9.36
mongar base 3,1,6,16.67%,6.33
nemo tarp tents,0,19,0%,17.47
montbell rera dome 4,0,7,0%,5
dune tent,0,7,0%,37.57
cloud boundar™ 4-sided pop-up canopy tent,0,6,0%,5.17
naturehike mongar base 3,0,6,0%,7.5
naturehike lingfeng air 7.3,0,6,0%,8.67
"""snow peak"" ""tents"" -site:reddit.com -site:twitter.com -site:x.com 
-site:wykop.pl -site:tripadvisor.com -site:youtube.com -site:yelp.com 
-site:booking.com -site:facebook.com -site:instagram.com -site:tiktok.com",0,5,0%,4.6
mobi garden lunta pro,0,5,0%,5.8
asta gear vista2,0,5,0%,9.2
naturehike mongar 3,0,5,0%,9.4
naturehike sp550,0,5,0%,9.6
naturehike giling pro,0,5,0%,15
naturehike sp1000,0,4,0%,9.25
firemaple fms-105,0,3,0%,7
massif™ 2-person hot tent,0,3,0%,7
naturehike sp700,0,3,0%,8
amenity dome 2,0,3,0%,8.67
naturehike bleik 3,0,3,0%,8.67
naturehike daban 2,0,3,0%,9
naturehike yugu ultralight,0,3,0%,11
giling pro,0,3,0%,11.33
naturehike giling pro 1,0,3,0%,12.67
campgear,0,3,0%,20
naturehike cloud pro 1,0,3,0%,28.33
naturehike snowbird sp550,0,2,0%,4
naturehike d series,0,2,0%,6
asta gear pursuit 2,0,2,0%,6.5
mongar pro 1,0,2,0%,6.5
naturehike yugu ultralight self-inflating pad,0,2,0%,7
astagear vista 2,0,2,0%,8
naturehike kota 4,0,2,0%,8
naturehike mongar base,0,2,0%,10.5
naturehike yugu,0,2,0%,11
mongar 1 pro,0,2,0%,12.5
naturehike kota 8,0,2,0%,15
naturehike mongar weight,0,2,0%,20.5
snow peak reclining chair wide,0,2,0%,25.5
naturehike cw400,0,2,0%,26
snow peak mesh folding chair,0,2,0%,29
sea to summit basecamp sleeping bag,0,2,0%,30
mongar 2 weight,0,2,0%,34
naturehike cloud up 2 weight,0,2,0%,34
naturehike cloud up 1,0,2,0%,36
snow peak amenity dome tent medium,0,2,0%,38
sea to summit tarp,0,2,0%,40.5
lanshan 1 tent weight,0,2,0%,45
sea to summit ember quilt,0,2,0%,52.5
double sleeping bag,0,1,0%,1
sleeping bag,0,1,0%,1
duvet double,0,1,0%,3
kyanary table,0,1,0%,4
mountain wing pro backpacking chair,0,1,0%,4
packable sleeping bag,0,1,0%,4
스노우피크,0,1,0%,4
fire-maple fms-105,0,1,0%,5
naturehike tuye r6.5,0,1,0%,5
peaklite™ xl01 ultralight folding camping stool,0,1,0%,5
a-type cotton roof automatic 4 season tent,0,1,0%,7
astagear pursuit 2,0,1,0%,7
bleik™ 3-person backpacking tent,0,1,0%,7
giling pro 4-season 1-person backpacking tent,0,1,0%,7
onetigris nebula,0,1,0%,7
naturehike cloud trek,0,1,0%,8
naturehike summiture 2 ul,0,1,0%,8
naturehike xl01,0,1,0%,8
one tigris stella,0,1,0%,8
uchi tent,0,1,0%,8
giling pro 2,0,1,0%,9
naturehike beach tent,0,1,0%,9
naturehike summiture ul,0,1,0%,9
mongar 2 ul weight,0,1,0%,10
naturehike cloud up 3 packed size official,0,1,0%,10
naturehike cw400 sleeping bag weight official,0,1,0%,10
naturehike d series self-inflating sleeping pad,0,1,0%,10
naturehike fc01 ultralight inflatable doublewide pad,0,1,0%,10
one tigris stella tent,0,1,0%,10
snow peak land lock,0,1,0%,10
mobi garden tent pink,0,1,0%,11
mongar 1 ul,0,1,0%,11
montbell sleeping bags,0,1,0%,11
naturehike bleik,0,1,0%,11
naturehike fc01,0,1,0%,11
naturehike automatic ridge tent 8‐person,0,1,0%,12
naturehike mongar 3 base,0,1,0%,12
onetigris northgaze tc,0,1,0%,12
naturehike cloud trek 1,0,1,0%,13
snow peak garden unit table set,0,1,0%,13
yugu ultralight self-inflating pad,0,1,0%,13
naturehike daban 1,0,1,0%,14
good luck table,0,1,0%,15
naturehike summiture ul 2,0,1,0%,17
campbell 650,0,1,0%,19
onetigris tents,0,1,0%,20
peaklite yl01 folding camping table,0,1,0%,20
sarvis vst 2,0,1,0%,20
cloud peak 2 tent,0,1,0%,24
coconest onetigris,0,1,0%,24
naturehike canopy,0,1,0%,25
onetigris 3 person tent,0,1,0%,25
snowpeak camping chairs,0,1,0%,25
best sea to summit sleeping bag,0,1,0%,26
naturehike bleik review,0,1,0%,26
naturehike dune 10.9 tent,0,1,0%,26
naturehike mongar 2 weight,0,1,0%,26
naturehike mongar ul,0,1,0%,26
nemo equipment dragonfly osmo,0,1,0%,26
heliox chair,0,1,0%,27
naturehike snowbird 400,0,1,0%,27
coco nest hot tent,0,1,0%,28
naturehike dune 10.9,0,1,0%,28
sea to summit women's sleeping bag,0,1,0%,28
snow peak camping chair,0,1,0%,28
one tigris coco nest,0,1,0%,30
petrel titanium ultralight backpack stove,0,1,0%,30
2 man tent weight,0,1,0%,31
klymit insulated v,0,1,0%,31
light 2 person backpacking tent,0,1,0%,31
naturehike star river 2 ul,0,1,0%,31
sea to summit ultralight insulated air sleeping pad,0,1,0%,31
snow peak amenity dome s ivory,0,1,0%,32
klymit static v lite,0,1,0%,34
onetigris smokey hut,0,1,0%,34
big agnes copper spur hv ul1 weight,0,1,0%,35
cloud up 2,0,1,0%,35
klymit static v luxe sl,0,1,0%,35
naturehike dune,0,1,0%,35
onetigris tent,0,1,0%,35
sea to summit tarps,0,1,0%,35
big agnes greystone 30 sleeping bag,0,1,0%,36
dod kinoko mushroom tent,0,1,0%,36
naturehike mongar 3 review,0,1,0%,36
onetigris stella,0,1,0%,36
lightweight tents under 1kg 2 person,0,1,0%,37
onetigris top quilt,0,1,0%,37
naturehike cloud up 2:,0,1,0%,38
sea to summit comfort light sleeping mat,0,1,0%,38
tarp snowpeak,0,1,0%,38
two person tent backpacking,0,1,0%,38
amenity dome medium in ivory,0,1,0%,39
light weight 2 person tent,0,1,0%,39
lightweight backpacking 2 person tent,0,1,0%,39
snow peak chair,0,1,0%,39
amenity dome small in ivory,0,1,0%,40
lightweight 2 man backpacking tent,0,1,0%,40
backpacking 2 man tent,0,1,0%,41
big agnes sleeping pad divide,0,1,0%,41
copper spur ul2 xl,0,1,0%,41
fire maple blade 2,0,1,0%,41
kinoko mushroom tent,0,1,0%,41
naturehike cloud up 3,0,1,0%,41
helinox chair comparison,0,1,0%,42
naturehike cloud-up 2,0,1,0%,42
near zero insulated inflatable sleeping pad,0,1,0%,42
sea to summit ember down quilt,0,1,0%,42
two man tent lightweight,0,1,0%,42
naturehike cloud up 2,0,1,0%,43
naturehike cloud up 2 specs,0,1,0%,43
sea to summit trek down sleeping bag,0,1,0%,43
windhard quilt,0,1,0%,43
best backpacking 2 person tent,0,1,0%,44
compact 2 person tent,0,1,0%,44
naturehike mongar 2,0,1,0%,44
onetigris sleeping bag,0,1,0%,44
sea to summit sleeping bag,0,1,0%,44
lanshan 2 size,0,1,0%,45
small 2 person tents,0,1,0%,45
snow peak low table,0,1,0%,45
fire maple fms-118,0,1,0%,46
nemo tarp,0,1,0%,46
tent 2 person backpacking,0,1,0%,47
lanshan 1 dimensions,0,1,0%,48
light weight two man tent,0,1,0%,48
invoker camping sleeping pad,0,1,0%,50
big agnes wyoming trail 4,0,1,0%,55
snow peak camp chair,0,1,0%,55
big agnes big house 4,0,1,0%,56
camping tent weight,0,1,0%,58
big agnes twistercane bio foam sleeping pad,0,1,0%,62
extreme pad,0,1,0%,62
tensor extreme conditions ultralight insulated sleeping pad,0,1,0%,62
best two person backpacking tent,0,1,0%,63
nemo tensor extreme sleeping pad,0,1,0%,64
backpacking tent weight comparison,0,1,0%,65
nemo tensor extreme conditions sleeping pad,0,1,0%,67
nemo extreme sleeping pad,0,1,0%,69
nemo highrise,0,1,0%,70
sea to summit boab -1,0,1,0%,70
big agnes tiger wall ul2 bikepack,0,1,0%,72
dod kinoko tent,0,1,0%,82
2 person tent dimensions,0,1,0%,87