排名靠前的网页,点击次数,展示,点击率,排名
https://www.campgearcompare.com/products/naturehike-snowbird-sp700-down-mummy-sleeping-bag.html,2,42,4.76%,9.38
https://www.campgearcompare.com/products/mobi-garden-mobi-garden-talo-x-flextm-backpacking-tent-highland-fog-bark.html,2,4,50%,5.5
https://www.campgearcompare.com/products/naturehike-natureseatm-lightweight-comfortable-sleeping-bag.html,2,3,66.67%,4
https://www.campgearcompare.com/sleeping-bag.html,1,44,2.27%,24.68
https://www.campgearcompare.com/products/naturehike-mongartm-base-3-person-ultralight-backpacking-tent.html,1,30,3.33%,8.63
https://www.campgearcompare.com/,1,29,3.45%,8.97
https://www.campgearcompare.com/products/montbell-rera-dome-4-thyme.html,1,20,5%,4.75
https://www.campgearcompare.com/products/mobi-garden-mobi-garden-lunta-pro-backpacking-tent-quartz-pink.html,1,15,6.67%,8.27
https://www.campgearcompare.com/products/naturehike-bleiktm-3-person-backpacking-tent.html,1,12,8.33%,10.83
https://www.campgearcompare.com/guides/fire-maple-fms-300t-vs-hornet-ii.html,1,8,12.5%,13.25
https://www.campgearcompare.com/products/mobi-garden-mobi-garden-kawa-ul-exo-flextm-backpacking-tent.html,1,6,16.67%,4.33
https://www.campgearcompare.com/products/naturehike-naturehike-outdoor-glamping-extend-4-8-roof-a-tower-cotton-tent-2.html,1,5,20%,8.2
https://www.campgearcompare.com/products/snow-peak-single-action-low-table-light.html,1,5,20%,23.2
https://www.campgearcompare.com/products/blackdeer-forma-folding-table-pro.html,1,4,25%,5.75
https://www.campgearcompare.com/products/naturehike-cwtm300-down-ultralight-mummy-sleeping-bag.html,1,4,25%,15.25
https://www.campgearcompare.com/products/naturehike-solora-u150-hooded-synthetic-sleeping-bag.html,1,3,33.33%,7
https://www.campgearcompare.com/products/naturehike-ceng-rantm-cr450-layered-cotton-sleeping-bag.html,1,2,50%,3.5
https://www.campgearcompare.com/products/aegismax-aegismax-wind-hard-tiny-pro-10d-800fp-down-sleeping-bag-quilt.html,1,2,50%,36.5
https://www.campgearcompare.com/products/naturehike-military-single-canopy.html,1,1,100%,7
https://www.campgearcompare.com/brands/nanga-sleeping-bag.html,1,1,100%,9
https://www.campgearcompare.com/products/onetigris-scarecrow-camping-shelter.html,1,1,100%,9
https://www.campgearcompare.com/products/naturehike-horizon-inflatable-air-mattress.html,1,1,100%,10
https://www.campgearcompare.com/products/snow-peak-gf-005.html,1,1,100%,22
https://www.campgearcompare.com/tent.html,0,97,0%,10.89
https://www.campgearcompare.com/guides/2-person-backpacking-tents-under-2kg.html,0,48,0%,40.02
https://www.campgearcompare.com/products/naturehike-giling-protm-1-person-backpacking-tent.html,0,46,0%,9.57
https://www.campgearcompare.com/sleeping-pad.html,0,34,0%,19.12
https://www.campgearcompare.com/products/naturehike-peaklite-yl01-ultralight-folding-camping-table.html,0,28,0%,7.07
https://www.campgearcompare.com/products/naturehike-mongartm-pro-1-person-ultralight-backpacking-tent.html,0,25,0%,11.76
https://www.campgearcompare.com/products/naturehike-snowbirdtm-sp550-down-mummy-sleeping-bag-29-3-f-1-5-c.html,0,24,0%,12.25
https://www.campgearcompare.com/brands/nemo-tarp.html,0,24,0%,16.46
https://www.campgearcompare.com/products/snow-peak-amenity-dome-m-ivory.html,0,17,0%,26
https://www.campgearcompare.com/guides/snow-peak-amenity-dome-2-vs-naturehike-cloud-up-2.html,0,12,0%,7.33
https://www.campgearcompare.com/products/mobi-garden-mobi-garden-lunta-pro-backpacking-tent-alpenglow-cloud-2-person.html,0,12,0%,8.25
https://www.campgearcompare.com/products/naturehike-mongar-2-person-ultralight-backpacking-tent.html,0,12,0%,22.5
https://www.campgearcompare.com/products/naturehike-tuye-r6-5-ultralight-inflatable-pad.html,0,11,0%,7.18
https://www.campgearcompare.com/products/naturehike-suntherm-m300-synthetic-sleeping-bag.html,0,11,0%,7.27
https://www.campgearcompare.com/products/naturehike-snowbird-sp1000-down-mummy-sleeping-bag.html,0,11,0%,8
https://www.campgearcompare.com/products/naturehike-soloratm-u450-hooded-synthetic-sleeping-bag-39-f-4-c.html,0,11,0%,8.27
https://www.campgearcompare.com/products/naturehike-camping-tent-canopy-sun-shade.html,0,11,0%,9.36
https://www.campgearcompare.com/brands/sea-to-summit-sleeping-bag.html,0,11,0%,37.18
https://www.campgearcompare.com/products/naturehike-bleiktm-2-person-backpacking-tent.html,0,10,0%,11.9
https://www.campgearcompare.com/products/naturehike-village-air-8-5-inflatable-tent.html,0,9,0%,7.89
https://www.campgearcompare.com/products/naturehike-yugutm-c6-5-extra-wide-self-inflating-sleeping-pad.html,0,9,0%,9.44
https://www.campgearcompare.com/products/naturehike-lingfeng-air-7-3-lightweight-inflatable-tent.html,0,9,0%,10
https://www.campgearcompare.com/products/naturehike-dune-10-9-4-person-hot-tent.html,0,9,0%,31.22
https://www.campgearcompare.com/products/naturehike-massif-2-person-4-season-hot-tent.html,0,8,0%,6.75
https://www.campgearcompare.com/products/naturehike-daban-2-person-ultralight-4-season-tunnel-tent.html,0,8,0%,7.12
https://www.campgearcompare.com/brands/naturehike-sleeping-bag.html,0,8,0%,8.5
https://www.campgearcompare.com/products/asta-gear-astagear-vista-2-person-lightweight-tent-outdoor-hiking-camping-shelter-rainproof-wind-resistant.html,0,8,0%,8.62
https://www.campgearcompare.com/products/naturehike-yugutm-ultralight-self-inflating-mummy-pad.html,0,8,0%,9.38
https://www.campgearcompare.com/products/naturehike-cloud-trek-2-person-ultralight-bikepacking-tent.html,0,8,0%,17.5
https://www.campgearcompare.com/products/naturehike-cloud-up-pro-1-person-ultralight-backpacking-tent.html,0,8,0%,22.5
https://www.campgearcompare.com/products/naturehike-mongar-ul-2-person-ultralight-backpacking-tent.html,0,8,0%,26.25
https://www.campgearcompare.com/brands/snow-peak-chair.html,0,8,0%,34.5
https://www.campgearcompare.com/products/naturehike-suntherm-m180-synthetic-sleeping-bag.html,0,7,0%,5.86
https://www.campgearcompare.com/products/naturehike-massif-4-person-4-season-hot-tent.html,0,7,0%,6.57
https://www.campgearcompare.com/products/naturehike-kota-4-person-camping-tent.html,0,7,0%,8.43
https://www.campgearcompare.com/products/naturehike-yugu-ultralight-self-inflating-pad.html,0,7,0%,8.57
https://www.campgearcompare.com/brands/snow-peak-tarp.html,0,7,0%,30.86
https://www.campgearcompare.com/products/naturehike-cloud-up-2-person-ultralight-backpacking-tent.html,0,7,0%,36.57
https://www.campgearcompare.com/products/naturehike-autumnfield-double-synthetic-sleeping-bag.html,0,6,0%,4.67
https://www.campgearcompare.com/brands/naturehike-table.html,0,6,0%,5.67
https://www.campgearcompare.com/products/dod-the-one-touch-dome-tent.html,0,6,0%,5.67
https://www.campgearcompare.com/products/naturehike-mongar-ul-1-person-ultralight-backpacking-tent.html,0,6,0%,5.67
https://www.campgearcompare.com/products/big-agnes-bedrock-negative-20-long.html,0,6,0%,6.33
https://www.campgearcompare.com/products/naturehike-peaklitetm-xl01-ultralight-folding-camping-stool.html,0,6,0%,6.33
https://www.campgearcompare.com/products/mobi-garden-mobi-garden-gennye-pro-ultralight-insulated-sleeping-pad-rectangular-double-r-value-3-9.html,0,6,0%,6.5
https://www.campgearcompare.com/products/naturehike-d-seriestm-self-inflating-sleeping-pad.html,0,6,0%,8.5
https://www.campgearcompare.com/products/naturehike-cw400-down-ultralight-sleeping-bag.html,0,6,0%,15.5
https://www.campgearcompare.com/products/naturehike-cloud-up-base-2-person-ultralight-backpacking-tent.html,0,6,0%,24.83
https://www.campgearcompare.com/products/naturehike-cloud-up-ul-2-person-ultralight-backpacking-tent.html,0,6,0%,26.5
https://www.campgearcompare.com/products/nemo-tensor-extreme-ultralight-sleeping-pad.html,0,6,0%,62.33
https://www.campgearcompare.com/products/mobi-garden-mobi-garden-mountain-wing-pro-ultralight-backpacking-chair-granite-grey.html,0,5,0%,5.6
https://www.campgearcompare.com/products/asta-gear-astagear-pursuit-2-2-person-lightweight-silicone-coated-fast-setup-outdoor-camping-tent-windproof-waterproof-for-hiking-mountaineering.html,0,5,0%,6.6
https://www.campgearcompare.com/products/asta-gear-astagear-windwisper2-pyramid-tent-ul-tent-camping-tent-bushcraft.html,0,5,0%,11.4
https://www.campgearcompare.com/products/naturehike-cw700-down-ultralight-sleeping-bag.html,0,5,0%,12
https://www.campgearcompare.com/products/naturehike-snowbird-sp400-down-mummy-sleeping-bag.html,0,5,0%,12.2
https://www.campgearcompare.com/products/naturehike-kota-8-person-camping-tent.html,0,5,0%,16.4
https://www.campgearcompare.com/products/naturehike-cloud-up-3-person-ultralight-backpacking-tent.html,0,5,0%,23.4
https://www.campgearcompare.com/products/naturehike-dune-7-6-3-person-hot-tent.html,0,5,0%,23.8
https://www.campgearcompare.com/products/sea-to-summit-ascent-womens-down-sleeping-bag.html,0,5,0%,29.2
https://www.campgearcompare.com/products/3f-ul-gear-lanshan-2.html,0,5,0%,37.8
https://www.campgearcompare.com/products/sea-to-summit-the-ember-down-quilt.html,0,5,0%,45.6
https://www.campgearcompare.com/products/fire-maple-fms-105.html,0,4,0%,6.5
https://www.campgearcompare.com/products/sea-to-summit-air-seat.html,0,4,0%,7
https://www.campgearcompare.com/products/sea-to-summit-telos-evo-bikepack-tent.html,0,4,0%,7
https://www.campgearcompare.com/products/dod-kyanary-table.html,0,4,0%,8.25
https://www.campgearcompare.com/products/klymit-static-v-luxe-sl-camping-sleeping-pad.html,0,4,0%,8.5
https://www.campgearcompare.com/products/naturehike-lw180-synthetic-sleeping-bag.html,0,4,0%,8.5
https://www.campgearcompare.com/products/snow-peak-amenity-dome-2.html,0,4,0%,8.5
https://www.campgearcompare.com/products/naturehike-fc01-ultralight-inflatable-pad.html,0,4,0%,9.25
https://www.campgearcompare.com/products/naturehike-giling-ultm-2-person-backpacking-tent.html,0,4,0%,9.5
https://www.campgearcompare.com/products/onetigris-onetigris-camping-aerodream-self-inflating-mattress.html,0,4,0%,10.5
https://www.campgearcompare.com/products/naturehike-daban-1-person-ultralight-4-season-tunnel-tent.html,0,4,0%,10.75
https://www.campgearcompare.com/products/naturehike-giling-protm-2-person-backpacking-tent.html,0,4,0%,14.75
https://www.campgearcompare.com/products/naturehike-star-river-2-person-ultralight-backpacking-tent.html,0,4,0%,16.25
https://www.campgearcompare.com/products/naturehike-cloud-up-base-3-person-ultralight-backpacking-tent.html,0,4,0%,17
https://www.campgearcompare.com/products/naturehike-p-series-family-camping-tent.html,0,4,0%,17.25
https://www.campgearcompare.com/products/therm-a-rest-z-lite-sol-sleeping-pad.html,0,4,0%,17.5
https://www.campgearcompare.com/brands/nemo-tent.html,0,4,0%,18.25
https://www.campgearcompare.com/products/onetigris-smokey-hut-hot-tent.html,0,4,0%,18.25
https://www.campgearcompare.com/products/onetigris-stella-camping-tent.html,0,4,0%,19.75
https://www.campgearcompare.com/products/klymit-static-v-lite-eco-sleeping-pad.html,0,4,0%,22
https://www.campgearcompare.com/products/naturehike-dunetm-10-9-pro-4-person-hot-tent.html,0,4,0%,23.5
https://www.campgearcompare.com/products/fire-maple-fms-102-stove.html,0,4,0%,23.75
https://www.campgearcompare.com/brands/sea-to-summit-tarp.html,0,4,0%,31.5
https://www.campgearcompare.com/products/klymit-insulated-static-v-lite-eco-sleeping-pad.html,0,4,0%,32
https://www.campgearcompare.com/products/naturehike-cloud-up-1-person-ultralight-backpacking-tent.html,0,4,0%,32
https://www.campgearcompare.com/products/3f-ul-gear-lanshan-1.html,0,4,0%,45.5
https://www.campgearcompare.com/products/fire-maple-greenpeak-backpacking-stove.html,0,3,0%,4.67
https://www.campgearcompare.com/brands/mobi-garden-tent.html,0,3,0%,5
https://www.campgearcompare.com/products/snow-peak-system-ofuton-300-mat-plus.html,0,3,0%,5
https://www.campgearcompare.com/products/sea-to-summit-ether-light-xr-insulated-air-sleeping-pad.html,0,3,0%,6
https://www.campgearcompare.com/products/naturehike-solora-u250-hooded-synthetic-sleeping-bag.html,0,3,0%,7.33
https://www.campgearcompare.com/products/naturehike-a-type-cotton-roof-automatic-tent.html,0,3,0%,7.67
https://www.campgearcompare.com/products/naturehike-ares-army-tent.html,0,3,0%,8.67
https://www.campgearcompare.com/products/naturehike-cloud-up-pro-3-person-ultralight-backpacking-tent.html,0,3,0%,8.67
https://www.campgearcompare.com/products/naturehike-giling-ultm-1-person-backpacking-tent.html,0,3,0%,8.67
https://www.campgearcompare.com/products/naturehike-cloud-trek-1-person-ultralight-bikepacking-tent.html,0,3,0%,9
https://www.campgearcompare.com/brands/naturehike-chair.html,0,3,0%,10
https://www.campgearcompare.com/products/naturehike-cloud-river-3-person-backpacking-tent.html,0,3,0%,10.33
https://www.campgearcompare.com/products/naturehike-naturehike-yl01-snap-folding-camping-chair.html,0,3,0%,10.67
https://www.campgearcompare.com/products/naturehike-summiture-2-person-ultralight-backpacking-tent.html,0,3,0%,11.33
https://www.campgearcompare.com/products/snow-peak-penta-ease-inner-tent-ivory.html,0,3,0%,11.33
https://www.campgearcompare.com/products/naturehike-cape-6-person-pop-up-camping-tent.html,0,3,0%,13
https://www.campgearcompare.com/products/naturehike-linglongtm-l150-3-season-sleeping-bag.html,0,3,0%,14
https://www.campgearcompare.com/products/klymit-insulated-static-v-luxe-sl-camping-sleeping-pad.html,0,3,0%,16
https://www.campgearcompare.com/products/snow-peak-take-bamboo-chair-long-lv-086.html,0,3,0%,17.33
https://www.campgearcompare.com/products/naturehike-automatic-beach-tent.html,0,3,0%,18.33
https://www.campgearcompare.com/products/naturehike-village-13-8-person-automatic-cabin-tent-tiblack-premium.html,0,3,0%,19
https://www.campgearcompare.com/brands/onetigris-tent.html,0,3,0%,19.67
https://www.campgearcompare.com/products/naturehike-kota-6-person-camping-tent.html,0,3,0%,20
https://www.campgearcompare.com/products/sea-to-summit-basecamp-down-sleeping-bag.html,0,3,0%,21
https://www.campgearcompare.com/brands/onetigris-sleeping-bag.html,0,3,0%,22
https://www.campgearcompare.com/products/snow-peak-mesh-folding-chair.html,0,3,0%,22.33
https://www.campgearcompare.com/furniture.html,0,3,0%,25.33
https://www.campgearcompare.com/tarp.html,0,3,0%,26.67
https://www.campgearcompare.com/products/onetigris-coco-nest-solo-hot-tent.html,0,3,0%,27.33
https://www.campgearcompare.com/products/naturehike-star-river-ul-2-person-ultralight-backpacking-tent.html,0,3,0%,27.67
https://www.campgearcompare.com/brands/flames-creed-tent.html,0,3,0%,28
https://www.campgearcompare.com/guides/lanshan-2-vs-lanshan-2-pro.html,0,3,0%,28.67
https://www.campgearcompare.com/products/therm-a-rest-neoloft-sleeping-pad.html,0,3,0%,29
https://www.campgearcompare.com/products/helinox-chair-one.html,0,3,0%,33
https://www.campgearcompare.com/products/big-agnes-big-house-626.html,0,3,0%,34.33
https://www.campgearcompare.com/products/sea-to-summit-comfort-light-insulated-pad.html,0,3,0%,38
https://www.campgearcompare.com/products/fire-maple-blade-2-titanium-ultralight-backpacking-stove.html,0,3,0%,41.33
https://www.campgearcompare.com/products/dod-kinoko-mushroom-tent-s.html,0,3,0%,53
https://www.campgearcompare.com/products/onetigris-northgaze-mesh-inner-tent.html,0,2,0%,4.5
https://www.campgearcompare.com/products/naturehike-flattop-igt-modular-camping-table.html,0,2,0%,5
https://www.campgearcompare.com/products/big-agnes-sheep-mountain-1.html,0,2,0%,5.5
https://www.campgearcompare.com/products/fire-maple-116-t-titanium-backpacking-stove.html,0,2,0%,5.5
https://www.campgearcompare.com/stove.html,0,2,0%,5.5
https://www.campgearcompare.com/products/naturehike-jims-2-person-ultralight-4-season-tent.html,0,2,0%,6.5
https://www.campgearcompare.com/products/naturehike-starcoretm-h01-portable-folding-camping-table.html,0,2,0%,6.5
https://www.campgearcompare.com/products/helinox-tactical-table-l.html,0,2,0%,7
https://www.campgearcompare.com/products/naturehike-peaklite-y01-portable-folding-camping-table.html,0,2,0%,7
https://www.campgearcompare.com/products/onetigris-nightfall-cot-pad.html,0,2,0%,7
https://www.campgearcompare.com/products/dod-uchi-tent.html,0,2,0%,8
https://www.campgearcompare.com/products/naturehike-mujin-mj600-synthetic-mummy-sleeping-bag.html,0,2,0%,8
https://www.campgearcompare.com/products/onetigris-nebula-camping-tent.html,0,2,0%,8
https://www.campgearcompare.com/products/snow-peak-system-ofuton-300-slim-mat-plus.html,0,2,0%,8
https://www.campgearcompare.com/products/onetigris-wild-rocket-bushcraft-pack.html,0,2,0%,9
https://www.campgearcompare.com/products/snow-peak-land-lock.html,0,2,0%,9
https://www.campgearcompare.com/products/montbell-seamless-down-hugger-800-3-long-blue-green.html,0,2,0%,9.5
https://www.campgearcompare.com/products/big-agnes-ws-greystone-twenty.html,0,2,0%,10
https://www.campgearcompare.com/products/onetigris-featherlite-ul-top-quilt.html,0,2,0%,10
https://www.campgearcompare.com/products/onetigris-litejade-air-inflating-mattress.html,0,2,0%,10.5
https://www.campgearcompare.com/products/snow-peak-system-ofuton-hf-mat-plus.html,0,2,0%,11
https://www.campgearcompare.com/products/naturehike-cloud-peak-2-person-4-season-backpacking-tent.html,0,2,0%,12.5
https://www.campgearcompare.com/products/dod-one-pole-tent-table.html,0,2,0%,14.5
https://www.campgearcompare.com/products/sea-to-summit-the-ascent-down-sleeping-bag.html,0,2,0%,14.5
https://www.campgearcompare.com/products/mobi-garden-mobi-garden-gennye-pro-ultralight-insulated-sleeping-pad-rectangular-large-r-value-8-8.html,0,2,0%,16
https://www.campgearcompare.com/products/montbell-u-l-mono-frame-shelter-yellow.html,0,2,0%,18
https://www.campgearcompare.com/products/big-agnes-sarvis-vst-2.html,0,2,0%,18.5
https://www.campgearcompare.com/products/dod-good-luck-table.html,0,2,0%,19
https://www.campgearcompare.com/products/naturehike-village-13-instant-tent.html,0,2,0%,19
https://www.campgearcompare.com/products/klymit-klymaloft-base-sleeping-pad.html,0,2,0%,20.5
https://www.campgearcompare.com/products/klymit-insulated-ultralite-sl-sleeping-pad.html,0,2,0%,22.5
https://www.campgearcompare.com/guides/camping-gear-weight-price-report-2026.html,0,2,0%,23.5
https://www.campgearcompare.com/brands/onetigris-sleeping-pad.html,0,2,0%,24
https://www.campgearcompare.com/brands/onetigris-tarp.html,0,2,0%,24.5
https://www.campgearcompare.com/products/snow-peak-reclining-chair-wide.html,0,2,0%,25.5
https://www.campgearcompare.com/products/snow-peak-single-action-low-table-lv-100tr.html,0,2,0%,27
https://www.campgearcompare.com/products/big-agnes-little-red-020.html,0,2,0%,27.5
https://www.campgearcompare.com/products/sea-to-summit-comfort-plus-insulated-pad.html,0,2,0%,28
https://www.campgearcompare.com/products/snow-peak-landnest-tarp.html,0,2,0%,28
https://www.campgearcompare.com/products/sea-to-summit-trek-down-sleeping-bag.html,0,2,0%,31
https://www.campgearcompare.com/products/nemo-scalar-multi-configuration-camp-tarp.html,0,2,0%,31.5
https://www.campgearcompare.com/brands/nemo-sleeping-pad.html,0,2,0%,32
https://www.campgearcompare.com/products/nemo-dragonfly-osmo.html,0,2,0%,32
https://www.campgearcompare.com/products/snow-peak-land-lock-tent-set.html,0,2,0%,36.5
https://www.campgearcompare.com/products/big-agnes-divide.html,0,2,0%,44.5
https://www.campgearcompare.com/products/aegismax-aegismax-g-95-goose-down-sleeping-bag-15d-fp800.html,0,1,0%,1
https://www.campgearcompare.com/products/dod-pup-like-tent.html,0,1,0%,1
https://www.campgearcompare.com/products/sea-to-summit-spark-pro-down-sleeping-bag.html,0,1,0%,1
https://www.campgearcompare.com/products/therm-a-rest-basecamp-sleeping-pad.html,0,1,0%,1
https://www.campgearcompare.com/products/aegismax-aegismax-ultra-light-90-white-duck-down-sleeping-bag-open-square.html,0,1,0%,2
https://www.campgearcompare.com/products/big-agnes-tiger-wall-ul1-bikepack.html,0,1,0%,2
https://www.campgearcompare.com/products/flames-creed-flames-creed-20d-quilt-90-white-duck-down.html,0,1,0%,2
https://www.campgearcompare.com/products/onetigris-rocdomus-hammock-awning-and-hot-tent-coyote-brown.html,0,1,0%,2
https://www.campgearcompare.com/products/big-agnes-blacktail-two-vetiver.html,0,1,0%,3
https://www.campgearcompare.com/products/big-agnes-why-not-blanket-alpenglow.html,0,1,0%,3
https://www.campgearcompare.com/products/naturehike-cape-8-person-pop-up-camping-tent.html,0,1,0%,3
https://www.campgearcompare.com/products/snow-peak-low-beach-chair-leg-cap-set.html,0,1,0%,3
https://www.campgearcompare.com/about.html,0,1,0%,4
https://www.campgearcompare.com/products/nemo-coda-genderless-endless-promise-down-sleeping-bag.html,0,1,0%,4
https://www.campgearcompare.com/brands/dod-table.html,0,1,0%,5
https://www.campgearcompare.com/guides/,0,1,0%,5
https://www.campgearcompare.com/products/asta-gear-asta-gear-greenmountain-2-camping-ultralight-2-person-tent-for-camping-backpacking-trekking-hiking-cycling.html,0,1,0%,5
https://www.campgearcompare.com/products/big-agnes-anthracite-thirty.html,0,1,0%,5
https://www.campgearcompare.com/products/fire-maple-buzz-portable-backpacking-stove.html,0,1,0%,5
https://www.campgearcompare.com/products/naturehike-cloud-river-pro-2-person-4-season-backpacking-tent.html,0,1,0%,5
https://www.campgearcompare.com/products/naturehike-naturehike-yunjin-ld460-down-sleeping-bag.html,0,1,0%,5
https://www.campgearcompare.com/products/sea-to-summit-escapist-evo-tarp.html,0,1,0%,5
https://www.campgearcompare.com/products/sea-to-summit-telos-tr2-bikepack-tent-dry-bag.html,0,1,0%,5
https://www.campgearcompare.com/products/therm-a-rest-neoair-micro-pump.html,0,1,0%,5
https://www.campgearcompare.com/products/aegismax-aegismax-d-duck-down-sleeping-bag-20d-nylon-fp650.html,0,1,0%,6
https://www.campgearcompare.com/products/asta-gear-astagear-qingniao-2-person-10d-ultra-light-tent-heavy-duty-waterproof-windproof-snow-resistant-lightweight-portable-camping-tent-for-hiking-mountaineering-backpacking.html,0,1,0%,6
https://www.campgearcompare.com/products/montbell-chronos-dome-4-thyme.html,0,1,0%,6
https://www.campgearcompare.com/products/naturehike-peaklitetm-yl08-ultralight-camping-chair.html,0,1,0%,6
https://www.campgearcompare.com/products/naturehike-ranch-fire-6-person-octagonal-hot-tent.html,0,1,0%,6
https://www.campgearcompare.com/products/sea-to-summit-telos-tr3-inner-tent.html,0,1,0%,6
https://www.campgearcompare.com/brands/asta-gear-tent.html,0,1,0%,7
https://www.campgearcompare.com/products/dod-chimaki-tent.html,0,1,0%,7
https://www.campgearcompare.com/products/snow-peak-single-action-table-light.html,0,1,0%,7
https://www.campgearcompare.com/brands/sea-to-summit-tent.html,0,1,0%,8
https://www.campgearcompare.com/products/big-agnes-benchmark-20.html,0,1,0%,8
https://www.campgearcompare.com/products/big-agnes-lost-ranger-3n1-00.html,0,1,0%,8
https://www.campgearcompare.com/products/fire-maple-green-peak-ii-gas-stove-pressure-regulator-3-4oz-2600w.html,0,1,0%,8
https://www.campgearcompare.com/products/flames-creed-flames-creed-taiji-2-15d-ultralight-tent-freestanding-tent.html,0,1,0%,8
https://www.campgearcompare.com/products/klymit-static-v-base-sleeping-pad.html,0,1,0%,8
https://www.campgearcompare.com/products/naturehike-gen-17-2-glamping-inflatable-tent.html,0,1,0%,8
https://www.campgearcompare.com/products/naturehike-naturehike-ultralight-winter-sleeping-bag-850fp-goose-down.html,0,1,0%,8
https://www.campgearcompare.com/products/onetigris-jade-sleeping-pad.html,0,1,0%,8
https://www.campgearcompare.com/products/onetigris-sleeping-bag-stuff-sack.html,0,1,0%,8
https://www.campgearcompare.com/products/snow-peak-gray-folding-chair.html,0,1,0%,8
https://www.campgearcompare.com/products/snow-peak-land-lock-ivory.html,0,1,0%,8
https://www.campgearcompare.com/brands/flames-creed-tarp.html,0,1,0%,9
https://www.campgearcompare.com/products/big-agnes-dream-island-doublewide-20.html,0,1,0%,9
https://www.campgearcompare.com/products/fire-maple-lotus-titanium-solid-alcohol-stove.html,0,1,0%,9
https://www.campgearcompare.com/products/mobi-garden-mobi-garden-mountain-wing-pro-ultralight-backpacking-chair-summit-white.html,0,1,0%,9
https://www.campgearcompare.com/products/naturehike-naturehike-ld350-4-season-spliceable-camping-sleeping-bag-for-adults-kids.html,0,1,0%,9
https://www.campgearcompare.com/products/naturehike-wood-grain-double-camping-chair.html,0,1,0%,9
https://www.campgearcompare.com/products/onetigris-dynisland-sleeping-pad.html,0,1,0%,9
https://www.campgearcompare.com/products/sea-to-summit-telos-freestanding-ultralight-tent-used.html,0,1,0%,9
https://www.campgearcompare.com/products/snow-peak-amenity-dome-3.html,0,1,0%,9
https://www.campgearcompare.com/products/asta-gear-asta-gear-crescent-1-20d-silione-nylon-1person-windproof-rainproof-camping-tent.html,0,1,0%,10
https://www.campgearcompare.com/products/asta-gear-astagear-yunshan-1-person-single-sided-silicone-coated-ultralight-tent-15d-heavy-rainproof-windproof.html,0,1,0%,10
https://www.campgearcompare.com/products/montbell-u-l-air-pad-180-blue.html,0,1,0%,10
https://www.campgearcompare.com/products/naturehike-naturehike-tent-accessories-tent-fly-inner-tent-footprint.html,0,1,0%,10
https://www.campgearcompare.com/products/naturehike-portable-foam-camping-sleeping-pad.html,0,1,0%,10
https://www.campgearcompare.com/brands/montbell-sleeping-bag.html,0,1,0%,11
https://www.campgearcompare.com/products/aegismax-aegismax-wind-hard-twilight-10d-5-degree-800fp-down-sleeping-bag-ultralight.html,0,1,0%,11
https://www.campgearcompare.com/products/big-agnes-anthracite-twenty.html,0,1,0%,11
https://www.campgearcompare.com/products/mobi-garden-mobi-garden-mountain-wing-backpacking-chair-alpenglow-glow.html,0,1,0%,11
https://www.campgearcompare.com/products/naturehike-cloud-boundartm-6-sided-pop-up-canopy-tent.html,0,1,0%,11
https://www.campgearcompare.com/products/nemo-sonic-ultralight-mummy-sleeping-bag.html,0,1,0%,11
https://www.campgearcompare.com/products/onetigris-dynisland-air-self-inflating-mattress.html,0,1,0%,11
https://www.campgearcompare.com/products/sea-to-summit-alto-tr2-and-tr2-plus-body-stuff-sack.html,0,1,0%,11
https://www.campgearcompare.com/products/big-agnes-ws-anthracite-thirty.html,0,1,0%,12
https://www.campgearcompare.com/products/flames-creed-flames-creed-sleeping-bag-90-white-duck-down-20d.html,0,1,0%,12
https://www.campgearcompare.com/products/naturehike-d01-self-inflating-modular-pad.html,0,1,0%,12
https://www.campgearcompare.com/products/onetigris-northgaze-tc-chimney-tent.html,0,1,0%,12
https://www.campgearcompare.com/products/helinox-chair-zero-high-back.html,0,1,0%,13
https://www.campgearcompare.com/products/snow-peak-takibi-garden-table-set-xl.html,0,1,0%,13
https://www.campgearcompare.com/products/snow-peak-garden-unit-table-set.html,0,1,0%,14
https://www.campgearcompare.com/products/mobi-garden-mobi-garden-mountain-wing-backpacking-chair.html,0,1,0%,15
https://www.campgearcompare.com/products/big-agnes-fly-creek-ul-two.html,0,1,0%,16
https://www.campgearcompare.com/products/therm-a-rest-trail-scout-sleeping-pad.html,0,1,0%,17
https://www.campgearcompare.com/products/montbell-down-hugger-650-5-long-blue-ridge.html,0,1,0%,19
https://www.campgearcompare.com/products/big-agnes-blacktail-two.html,0,1,0%,20
https://www.campgearcompare.com/products/snow-peak-takibi-hexa-set.html,0,1,0%,21
https://www.campgearcompare.com/products/snow-peak-penta-tarp-ivory.html,0,1,0%,22
https://www.campgearcompare.com/products/naturehike-cloud-up-base-1-person-ultralight-backpacking-tent.html,0,1,0%,26
https://www.campgearcompare.com/products/fire-maple-greenpeak-gas-stove-with-electric-ignition-pro.html,0,1,0%,27
https://www.campgearcompare.com/products/flames-creed-flames-creed-trailstar-ultralight-tarp-tent-20d-nylon.html,0,1,0%,27
https://www.campgearcompare.com/products/onetigris-foldable-camping-blanket-2-0.html,0,1,0%,27
https://www.campgearcompare.com/products/snow-peak-alpha-breeze.html,0,1,0%,27
https://www.campgearcompare.com/products/fire-maple-petrel-titanium-ultralight-backpack-stove.html,0,1,0%,30
https://www.campgearcompare.com/products/flames-creed-flames-creed-lanshan-1-pro-tent-20d-silnylon-ultralight.html,0,1,0%,31
https://www.campgearcompare.com/products/sea-to-summit-ultralight-insulated-mat.html,0,1,0%,31
https://www.campgearcompare.com/products/big-agnes-copper-spur-hv-ul1-bikepack.html,0,1,0%,35
https://www.campgearcompare.com/products/big-agnes-greystone-thirty.html,0,1,0%,36
https://www.campgearcompare.com/products/dod-the-dome-tent.html,0,1,0%,36
https://www.campgearcompare.com/products/onetigris-featherlite-ul-top-quilt-1.html,0,1,0%,37
https://www.campgearcompare.com/products/nemo-astro-lightweight-insulated-sleeping-pad-series.html,0,1,0%,38
https://www.campgearcompare.com/products/sea-to-summit-comfort-deluxe-self-inflating-sleeping-pad.html,0,1,0%,40
https://www.campgearcompare.com/products/sea-to-summit-comfort-light-insulated-womens-sleeping-pad.html,0,1,0%,40
https://www.campgearcompare.com/products/sea-to-summit-pursuit-plus-self-inflating-sleeping-pad.html,0,1,0%,40
https://www.campgearcompare.com/products/big-agnes-copper-spur-ul-two-xl.html,0,1,0%,41
https://www.campgearcompare.com/brands/helinox-chair.html,0,1,0%,42
https://www.campgearcompare.com/products/naturehike-jims-1-person-ultralight-4-season-tent.html,0,1,0%,45
https://www.campgearcompare.com/products/fire-maple-fms-118-gas-stove.html,0,1,0%,46
https://www.campgearcompare.com/products/naturehike-mongartm-base-2-person-backpacking-tent.html,0,1,0%,46
https://www.campgearcompare.com/products/3f-ul-gear-lanshan-2-pro.html,0,1,0%,49
https://www.campgearcompare.com/products/big-agnes-lost-ranger-3n1-015.html,0,1,0%,49
https://www.campgearcompare.com/products/montbell-u-l-dome-shelter-2-yellow.html,0,1,0%,49
https://www.campgearcompare.com/products/flames-creed-flames-creed-ultralight-20d-tarp-tent-nylon-zipper-rainfly.html,0,1,0%,50
https://www.campgearcompare.com/products/big-agnes-wyoming-trail-4.html,0,1,0%,55
https://www.campgearcompare.com/products/big-agnes-big-house-426.html,0,1,0%,56
https://www.campgearcompare.com/products/big-agnes-twistercane-bio-foam-pad.html,0,1,0%,62
https://www.campgearcompare.com/products/therm-a-rest-luxurymap-sleeping-pad.html,0,1,0%,66
https://www.campgearcompare.com/products/big-agnes-fly-creek-ul-one.html,0,1,0%,67
https://www.campgearcompare.com/products/nemo-aurora-highrise.html,0,1,0%,70
https://www.campgearcompare.com/products/big-agnes-tiger-wall-ul2-bikepack.html,0,1,0%,72